;;;;;;CDU/CSU;SPD;GRÜNE;FDP;DIE LINKE;AfD;Sonstige Parteien
26.09.2021;DG;Deutschland;61181072;76,6;46442023;11178298;11955434;6852206;5319952;2270906;4803902;4061325
26.09.2021;01;  Schleswig-Holstein;2272717;78,2;1762754;388399;494055;322763;220039;64238;119566;153694
26.09.2021;01001;      Flensburg, kreisfreie Stadt;69302;74,0;50818;7152;12480;12296;4780;3153;2756;8201
26.09.2021;01002;      Kiel, Landeshauptstadt, kreisfreie Stadt;184655;76,2;139961;20333;36407;40476;14335;8978;7023;12409
26.09.2021;01003;      Lübeck, Hansestadt, kreisfreie Stadt;164139;72,4;117674;20757;36136;27112;11963;5360;7807;8539
26.09.2021;01004;      Neumünster, kreisfreie Stadt;59460;67,9;39971;8089;12872;5841;4762;1320;3751;3336
26.09.2021;01051;      Dithmarschen, Landkreis;107187;76,0;80616;20545;22529;9686;11464;2545;7098;6749
26.09.2021;01053;      Herzogtum Lauenburg, Landkreis;153609;78,9;120375;27610;35174;19001;16216;3978;10057;8339
26.09.2021;01054;      Nordfriesland, Landkreis;133281;77,7;102818;24671;26384;17458;12690;3106;5381;13128
26.09.2021;01055;      Ostholstein, Landkreis;167155;77,8;128966;32646;38781;20000;16243;3645;9066;8585
26.09.2021;01056;      Pinneberg, Landkreis;238388;80,3;190270;42057;55693;34291;25663;6363;13080;13123
26.09.2021;01057;      Plön, Landkreis;105784;81,2;85186;20231;23893;16144;10131;2716;5385;6686
26.09.2021;01058;      Rendsburg-Eckernförde, Landkreis;220053;80,6;176062;42104;47079;32441;21097;5615;11195;16531
26.09.2021;01059;      Schleswig-Flensburg, Landkreis;162234;79,4;127807;29269;33028;21004;14409;4322;7561;18214
26.09.2021;01060;      Segeberg, Landkreis;214326;79,2;168599;38390;47942;26743;23761;5327;12855;13581
26.09.2021;01061;      Steinburg, Landkreis;104591;77,3;80181;19168;22579;12234;10384;2856;6398;6562
26.09.2021;01062;      Stormarn, Landkreis;188553;81,9;153450;35377;43078;28036;22141;4954;10153;9711
26.09.2021;02;  Hamburg;1298792;77,8;1005544;155220;298342;250532;114602;67578;50537;68733
26.09.2021;03;  Niedersachsen;6105381;74,7;4523221;1093579;1498500;726613;474638;148657;336434;244800
26.09.2021;031;    Braunschweig, Stat. Region;1214679;74,2;891762;199490;309414;139600;87617;31194;73283;51164
26.09.2021;03101;      Braunschweig, kreisfreie Stadt;187721;75,0;139294;25929;42377;33401;14046;6355;8238;8948
26.09.2021;03102;      Salzgitter, kreisfreie Stadt;70766;66,8;46822;10133;17898;4156;3891;1619;6308;2817
26.09.2021;03103;      Wolfsburg, kreisfreie Stadt;86936;71,4;61333;14984;21099;7818;6453;1685;5713;3581
26.09.2021;03151;      Gifhorn, Landkreis;136111;75,7;102033;24790;34453;13389;10559;2443;10695;5704
26.09.2021;03152;      Göttingen, Landkreis;-;-;-;-;-;-;-;-;-;-
26.09.2021;03153;      Goslar, Landkreis;105461;71,7;74989;17512;27833;8892;7204;2401;6926;4221
26.09.2021;03154;      Helmstedt, Landkreis;72509;72,6;52055;12989;18663;5938;5023;1502;4785;3155
26.09.2021;03155;      Northeim, Landkreis;106551;74,3;78492;18413;30363;9452;7971;2269;6305;3719
26.09.2021;03156;      Osterode am Harz, Landkreis;-;-;-;-;-;-;-;-;-;-
26.09.2021;03157;      Peine, Landkreis;104557;76,0;78613;16903;30045;10296;7276;2013;7096;4984
26.09.2021;03158;      Wolfenbüttel, Landkreis;95700;78,0;73869;17451;25837;11332;7296;2201;5517;4235
26.09.2021;03159;      Göttingen, Landkreis;248367;74,9;184262;40386;60846;34926;17898;8706;11700;9800
26.09.2021;032;    Hannover, Stat. Region;1610653;74,7;1190889;266044;394431;211615;124382;40566;87395;66456
26.09.2021;03241;      Region Hannover, Landkreis;836679;75,1;621830;131088;197115;127756;64440;24097;41575;35759
26.09.2021;03241001;      Hannover, Landeshauptstadt;367106;74,3;270036;45947;79627;72336;26570;14599;14430;16527
26.09.2021;03251;      Diepholz, Landkreis;169814;75,7;127656;31933;42224;18683;15642;3467;8958;6749
26.09.2021;03252;      Hameln-Pyrmont, Landkreis;115347;71,6;81767;18497;29011;11682;8274;2408;7261;4634
26.09.2021;03254;      Hildesheim, Landkreis;215131;75,2;159778;36504;55439;26565;15397;5308;12161;8404
26.09.2021;03255;      Holzminden, Landkreis;55262;72,7;39750;9072;15117;4505;4430;991;3592;2043
26.09.2021;03256;      Nienburg (Weser), Landkreis;94052;72,5;67610;17681;22978;8886;6883;1783;5828;3571
26.09.2021;03257;      Schaumburg, Landkreis;124368;74,9;92498;21269;32547;13538;9316;2512;8020;5296
26.09.2021;033;    Lüneburg, Stat. Region;1352490;76,0;1020703;253732;326144;159928;110608;32452;78515;59324
26.09.2021;03351;      Celle, Landkreis;139573;73,3;101602;27008;29915;14079;12402;2969;9691;5538
26.09.2021;03352;      Cuxhaven, Landkreis;159013;74,7;117872;30441;41176;15269;11895;3191;9021;6879
26.09.2021;03353;      Harburg, Landkreis;201740;80,1;160742;39850;46765;26777;20426;4682;11671;10571
26.09.2021;03354;      Lüchow-Dannenberg, Landkreis;39132;73,0;28269;6806;8193;5605;2210;1587;2005;1863
26.09.2021;03355;      Lüneburg, Landkreis;143541;77,1;109837;22226;33069;24980;11031;4741;7140;6650
26.09.2021;03356;      Osterholz, Landkreis;91256;77,0;69758;16487;23362;11153;7091;2747;5062;3856
26.09.2021;03357;      Rotenburg (Wümme), Landkreis;129750;76,0;97938;27851;31477;13275;10441;2681;6910;5303
26.09.2021;03358;      Heidekreis, Landkreis;108997;73,5;79527;19475;28714;10181;7874;2137;6758;4388
26.09.2021;03359;      Stade, Landkreis;158345;75,9;119469;29907;38988;17776;13088;3500;9258;6952
26.09.2021;03360;      Uelzen, Landkreis;74909;74,3;55228;13985;18417;7803;5588;1711;4732;2992
26.09.2021;03361;      Verden, Landkreis;106234;76,3;80461;19696;26068;13030;8562;2506;6267;4332
26.09.2021;034;    Weser-Ems, Stat. Region;1927559;74,3;1419867;374313;468511;215470;152031;44445;97241;67856
26.09.2021;03401;      Delmenhorst, kreisfreie Stadt;55403;65,1;35589;8006;12477;4557;3420;1291;3632;2206
26.09.2021;03402;      Emden, kreisfreie Stadt;37374;68,0;25100;3675;10844;3897;2198;1208;2034;1244
26.09.2021;03403;      Oldenburg (Oldenburg), kreisfreie Stadt;129639;75,5;97192;14505;29108;28692;9107;6057;4178;5545
26.09.2021;03404;      Osnabrück, kreisfreie Stadt;122310;74,9;90971;18499;25564;24842;8816;4673;4052;4525
26.09.2021;03405;      Wilhelmshaven, kreisfreie Stadt;60177;65,8;39203;7685;14392;5337;3928;1473;3632;2756
26.09.2021;03451;      Ammerland, Landkreis;99066;76,6;75358;17595;26123;12227;8567;2287;4725;3834
26.09.2021;03452;      Aurich, Landkreis;154472;72,8;111094;20391;48194;13771;9915;3463;9139;6221
26.09.2021;03453;      Cloppenburg, Landkreis;121800;71,9;86843;32914;22288;8101;10103;1897;8293;3247
26.09.2021;03454;      Emsland, Landkreis;241341;76,8;184093;69280;51174;20496;21265;3998;11218;6662
26.09.2021;03455;      Friesland, Landkreis;82193;74,1;60332;12535;23301;8167;6595;1787;4466;3481
26.09.2021;03456;      Grafschaft Bentheim, Landkreis;98028;76,4;74477;21942;26333;9369;8699;1705;3843;2586
26.09.2021;03457;      Leer, Landkreis;132390;72,5;95145;21578;37183;11226;8808;2916;8422;5012
26.09.2021;03458;      Oldenburg, Landkreis;101940;76,8;77760;18183;24283;12927;10141;2338;5525;4363
26.09.2021;03459;      Osnabrück, Landkreis;273117;76,8;207997;58827;67707;31864;22464;5421;12920;8794
26.09.2021;03460;      Vechta, Landkreis;102148;75,4;76509;29923;17924;9992;9644;1652;4479;2895
26.09.2021;03461;      Wesermarsch, Landkreis;69484;71,1;48809;10460;18861;6489;5010;1417;3830;2742
26.09.2021;03462;      Wittmund, Landkreis;46677;72,1;33395;8315;12755;3516;3351;862;2853;1743
26.09.2021;04;  Bremen;459749;71,9;328040;56499;103224;68427;30481;25352;22575;21482
26.09.2021;04011;      Bremen, kreisfreie Stadt;381163;73,5;278376;47835;85092;61430;26315;22619;17297;17788
26.09.2021;04012;      Bremerhaven, kreisfreie Stadt;78586;63,9;49664;8664;18132;6997;4166;2733;5278;3694
26.09.2021;05;  Nordrhein-Westfalen;13040267;76,4;9888030;2566719;2880226;1587067;1130154;366947;717510;639407
26.09.2021;051;    Düsseldorf, Regierungsbezirk;3677443;75,0;2735986;698878;802546;428872;325300;101598;196598;182194
26.09.2021;05111;      Düsseldorf, kreisfreie Stadt;410929;77,2;315735;76531;73866;70976;45078;13672;15998;19614
26.09.2021;05112;      Duisburg, kreisfreie Stadt;318659;68,1;214760;41334;77150;28199;18506;10088;21636;17847
26.09.2021;05113;      Essen, kreisfreie Stadt;408110;74,3;301184;68441;93613;50180;31848;12031;24400;20671
26.09.2021;05114;      Krefeld, kreisfreie Stadt;158951;72,0;113481;28601;32234;18392;14227;4600;7748;7679
26.09.2021;05116;      Mönchengladbach, kreisfreie Stadt;185185;70,0;128405;36555;34877;18166;15459;4927;9641;8780
26.09.2021;05117;      Mülheim an der Ruhr, kreisfreie Stadt;121418;77,9;93877;22349;30463;14787;10866;3105;6654;5653
26.09.2021;05119;      Oberhausen, kreisfreie Stadt;147254;71,7;104715;22221;38477;12718;9615;4143;10075;7466
26.09.2021;05120;      Remscheid, kreisfreie Stadt;76192;72,0;54409;13528;16834;6787;6595;2010;4656;3999
26.09.2021;05122;      Solingen, kreisfreie Stadt;111392;73,8;81570;19519;23701;13293;10149;3158;5878;5872
26.09.2021;05124;      Wuppertal, kreisfreie Stadt;235148;73,6;171638;36893;50082;29604;19482;8963;14062;12552
26.09.2021;05154;      Kleve, Kreis;225463;75,9;169767;54793;47837;23587;19542;4728;9632;9648
26.09.2021;05158;      Mettmann, Kreis;363205;78,0;281200;76608;76794;43542;37318;8843;19762;18333
26.09.2021;05162;      Rhein-Kreis Neuss;333192;78,5;259714;80779;66262;37341;35814;7096;16378;16044
26.09.2021;05166;      Viersen, Kreis;227166;77,1;173752;52896;46375;25673;22281;5203;10357;10967
26.09.2021;05170;      Wesel, Kreis;355179;77,1;271779;67830;93981;35627;28520;9031;19721;17069
26.09.2021;053;    Köln, Regierungsbezirk;3248453;78,2;2522229;654764;656917;483102;297506;101551;160940;167449
26.09.2021;05314;      Bonn, kreisfreie Stadt;230215;80,6;184444;41551;41641;50174;21902;10026;7750;11400
26.09.2021;05315;      Köln, kreisfreie Stadt;732048;77,8;566773;109564;139230;158932;61486;33023;26414;38124
26.09.2021;05316;      Leverkusen, kreisfreie Stadt;114706;74,8;85042;20696;25383;13545;9800;2864;6682;6072
26.09.2021;05334;      Städteregion Aachen (einschl. Stadt Aachen);402726;77,1;308380;81610;83996;60339;32924;12712;17836;18963
26.09.2021;05334002;      Aachen, krfr. Stadt;176306;79,4;139293;31772;30588;40421;15032;7453;5427;8600
26.09.2021;05354;      Aachen, Kreis;-;-;-;-;-;-;-;-;-;-
26.09.2021;05358;      Düren, Kreis;199656;77,0;152129;46217;44058;16951;17104;4570;13171;10058
26.09.2021;05362;      Rhein-Erft-Kreis;345958;78,3;269015;76103;75789;39921;33133;8091;18697;17281
26.09.2021;05366;      Euskirchen, Kreis;152275;76,6;115660;37046;29874;13806;14408;3321;9614;7591
26.09.2021;05370;      Heinsberg, Kreis;192346;75,6;143971;46466;38822;16858;16023;4529;11359;9914
26.09.2021;05374;      Oberbergischer Kreis;206640;77,5;158674;44018;42413;19959;19796;5153;15211;12124
26.09.2021;05378;      Rheinisch-Bergischer Kreis;217193;81,5;175896;48224;44429;32285;24373;5222;10051;11312
26.09.2021;05382;      Rhein-Sieg-Kreis;454690;80,2;362245;103269;91282;60332;46557;12040;24155;24610
26.09.2021;055;    Münster, Regierungsbezirk;1955852;77,6;1508369;425500;457863;233521;159811;48130;100389;83155
26.09.2021;05512;      Bottrop, kreisfreie Stadt;87200;74,8;64706;15088;23466;7369;6364;2052;6070;4297
26.09.2021;05513;      Gelsenkirchen, kreisfreie Stadt;168496;66,7;111284;22091;41326;11170;9721;3853;14204;8919
26.09.2021;05515;      Münster, kreisfreie Stadt;233953;83,9;195456;43790;45844;60036;20786;9746;5603;9651
26.09.2021;05554;      Borken, Kreis;279090;79,5;220451;81295;57942;28431;26044;5617;11160;9962
26.09.2021;05558;      Coesfeld, Kreis;174248;82,5;143012;49344;38171;22491;15918;3595;6768;6725
26.09.2021;05562;      Recklinghausen, Kreis;463750;74,0;340392;83324;119286;39872;33843;10755;31278;22034
26.09.2021;05566;      Steinfurt, Kreis;340361;79,4;268446;78846;84180;40843;28942;7987;14773;12875
26.09.2021;05570;      Warendorf, Kreis;208754;79,4;164622;51722;47648;23309;18193;4525;10533;8692
26.09.2021;057;    Detmold, Regierungsbezirk;1534402;76,5;1164080;306044;328562;175937;136825;43564;98465;74683
26.09.2021;05711;      Bielefeld, kreisfreie Stadt;234469;76,1;177180;35703;47926;38650;19982;11159;12048;11712
26.09.2021;05754;      Gütersloh, Kreis;263176;77,1;201272;59031;53209;31797;24080;5885;15226;12044
26.09.2021;05758;      Herford, Kreis;189792;75,5;142137;33020;45277;19032;16671;5093;13679;9365
26.09.2021;05762;      Höxter, Kreis;110898;78,4;86106;30754;22647;9227;9780;2382;6635;4681
26.09.2021;05766;      Lippe, Kreis;265543;76,7;201912;46554;62981;26788;23736;7385;20160;14308
26.09.2021;05770;      Minden-Lübbecke, Kreis;238990;75,3;178491;42563;57433;23462;20699;5802;16357;12175
26.09.2021;05774;      Paderborn, Kreis;231534;77,0;176982;58419;39089;26981;21877;5858;14360;10398
26.09.2021;059;    Arnsberg, Regierungsbezirk;2624117;75,1;1957366;481533;634338;265635;210712;72104;161118;131926
26.09.2021;05911;      Bochum, kreisfreie Stadt;267771;75,5;200765;38393;67799;37652;18756;10378;14552;13235
26.09.2021;05913;      Dortmund, kreisfreie Stadt;406044;73,8;297664;55447;101197;53581;28179;13927;22036;23297
26.09.2021;05914;      Hagen, kreisfreie Stadt;127926;69,3;87931;20756;28917;10044;9455;3129;9235;6395
26.09.2021;05915;      Hamm, kreisfreie Stadt;124312;72,5;89383;21680;31904;9976;9046;3004;8256;5517
26.09.2021;05916;      Herne, kreisfreie Stadt;108561;69,5;74664;14582;28941;8526;6450;2876;7562;5727
26.09.2021;05954;      Ennepe-Ruhr-Kreis;248951;77,4;191378;43309;64147;29134;21156;6757;14179;12696
26.09.2021;05958;      Hochsauerlandkreis;200496;78,1;155494;52017;44640;15473;18712;3989;11532;9131
26.09.2021;05962;      Märkischer Kreis;297658;73,1;215946;59971;63876;22871;26189;7116;20503;15420
26.09.2021;05966;      Olpe, Kreis;101508;79,7;80333;30761;20716;7252;10163;1838;5679;3924
26.09.2021;05970;      Siegen-Wittgenstein, Kreis;207672;78,1;160998;42161;50327;17842;18597;5726;14709;11636
26.09.2021;05974;      Soest, Kreis;231811;77,2;177829;51697;51061;24089;21005;5520;14206;10251
26.09.2021;05978;      Unna, Kreis;301407;75,2;224981;50759;80813;29195;23004;7844;18669;14697
26.09.2021;06;  Hessen;4383047;76,2;3300810;753512;910035;521411;421621;142585;290978;260668
26.09.2021;064;    Darmstadt, Regierungsbezirk;2671258;76,5;2020577;454384;514996;357009;278861;89998;159383;165946
26.09.2021;06411;      Darmstadt, kreisfreie Stadt;105691;78,9;82798;12227;19427;23868;9102;6589;4220;7365
26.09.2021;06412;      Frankfurt am Main, kreisfreie Stadt;428423;74,7;317414;57575;71276;78191;46891;22285;16034;25162
26.09.2021;06413;      Offenbach am Main, kreisfreie Stadt;67383;67,5;44949;8516;11291;8636;4930;3682;3592;4302
26.09.2021;06414;      Wiesbaden, Landeshauptstadt, kreisfreie Stadt;186735;72,9;134866;28523;33546;26818;18947;7128;9588;10316
26.09.2021;06431;      Bergstraße, Landkreis;197782;77,4;151443;37064;41124;21457;20432;4629;14377;12360
26.09.2021;06432;      Darmstadt-Dieburg, Landkreis;213688;78,0;164511;35879;47486;27161;20496;6529;12921;14039
26.09.2021;06433;      Groß-Gerau, Landkreis;174082;74,3;127584;27301;37973;18928;14999;5394;11246;11743
26.09.2021;06434;      Hochtaunuskreis;163309;81,5;132036;36123;28536;22955;22902;3992;8693;8835
26.09.2021;06435;      Main-Kinzig-Kreis;297502;75,9;222830;52217;60895;28935;28832;7934;25035;18982
26.09.2021;06436;      Main-Taunus-Kreis;165007;80,5;131595;34796;29684;22796;21229;4131;9040;9919
26.09.2021;06437;      Odenwaldkreis;70263;74,9;51817;11720;16410;5681;6081;1984;5563;4378
26.09.2021;06438;      Offenbach, Landkreis;237150;75,3;175893;44741;42976;28358;24705;6100;13979;15034
26.09.2021;06439;      Rheingau-Taunus-Kreis;138706;79,9;109789;26924;28502;17510;15650;3625;8954;8624
26.09.2021;06440;      Wetteraukreis;225537;77,7;173052;40778;45870;25715;23665;5996;16141;14887
26.09.2021;065;    Gießen, Regierungsbezirk;782412;75,5;583756;139802;168427;80048;65633;25274;59170;45402
26.09.2021;06531;      Gießen, Landkreis;199542;74,7;146925;32552;39986;25826;15692;7579;12795;12495
26.09.2021;06532;      Lahn-Dill-Kreis;188484;73,6;137128;34434;40256;14720;15708;4486;16388;11136
26.09.2021;06533;      Limburg-Weilburg, Landkreis;128800;75,4;96025;26161;26625;11324;12295;2796;9419;7405
26.09.2021;06534;      Marburg-Biedenkopf, Landkreis;181588;78,0;140269;31042;42098;22347;14789;8089;12558;9346
26.09.2021;06535;      Vogelsbergkreis;83998;76,6;63409;15613;19462;5831;7149;2324;8010;5020
26.09.2021;066;    Kassel, Regierungsbezirk;929377;76,0;696477;159326;226612;84354;77127;27313;72425;49320
26.09.2021;06611;      Kassel, kreisfreie Stadt;137258;72,0;97793;15444;27979;22571;9629;8140;6699;7331
26.09.2021;06631;      Fulda, Landkreis;169000;78,6;131408;42971;27057;13547;17162;3419;17439;9813
26.09.2021;06632;      Hersfeld-Rotenburg, Landkreis;92118;76,1;69122;14699;26115;5470;7418;2059;8906;4455
26.09.2021;06633;      Kassel, Landkreis;187564;77,7;143589;29199;55085;16619;15201;5210;12844;9431
26.09.2021;06634;      Schwalm-Eder-Kreis;141354;76,8;106850;22135;39469;10832;11534;3389;11476;8015
26.09.2021;06635;      Waldeck-Frankenberg, Landkreis;122315;72,9;87811;21710;28443;9190;10794;2631;9068;5975
26.09.2021;06636;      Werra-Meißner-Kreis;79768;76,2;59904;13168;22464;6125;5389;2465;5993;4300
26.09.2021;07;  Rheinland-Pfalz;3053335;77,2;2334152;576533;685534;293135;272451;76123;215205;215171
26.09.2021;071;    Koblenz, Stat. Region;1148457;76,7;873256;234364;261101;96663;101890;25966;76012;77260
26.09.2021;07111;      Koblenz, kreisfreie Stadt;82526;74,8;61287;14659;16576;11335;7002;2549;3975;5191
26.09.2021;07131;      Ahrweiler, Landkreis;100730;76,4;76301;22848;20933;10133;9328;1935;4816;6308
26.09.2021;07132;      Altenkirchen (Westerwald), Landkreis;99851;76,1;75328;20920;22931;6813;8743;2316;7561;6044
26.09.2021;07133;      Bad Kreuznach, Landkreis;119761;76,5;90731;22422;29012;9738;10437;2953;8219;7950
26.09.2021;07134;      Birkenfeld, Landkreis;62619;74,2;45927;11011;15247;3165;5267;1501;5291;4445
26.09.2021;07135;      Cochem-Zell, Landkreis;48546;78,7;37790;12701;10303;3166;4464;933;2865;3358
26.09.2021;07137;      Mayen-Koblenz, Landkreis;166051;76,7;126115;35196;37487;14024;14579;3288;10656;10885
26.09.2021;07138;      Neuwied, Landkreis;138267;76,6;104965;27418;31087;12117;12008;3101;9943;9291
26.09.2021;07140;      Rhein-Hunsrück-Kreis;80453;78,9;62814;16867;18055;6140;8095;1817;5820;6020
26.09.2021;07141;      Rhein-Lahn-Kreis;94277;77,1;71973;16707;24143;7901;7670;2262;6208;7082
26.09.2021;07143;      Westerwaldkreis;155376;77,9;120025;33615;35327;12131;14297;3311;10658;10686
26.09.2021;072;    Trier, Stat. Region;396126;76,9;301343;80760;88123;37043;34308;9952;20171;30986
26.09.2021;07211;      Trier, kreisfreie Stadt;78348;74,3;57763;11459;16366;12519;6276;3149;3316;4678
26.09.2021;07231;      Bernkastel-Wittlich, Landkreis;85718;77,3;65495;18999;18877;6188;7832;1890;4993;6716
26.09.2021;07232;      Eifelkreis Bitburg-Prüm;71963;75,5;53679;15612;14693;4916;5891;1249;3435;7883
26.09.2021;07233;      Vulkaneifel, Landkreis;47915;77,0;36538;11571;10430;3231;4379;1101;2742;3084
26.09.2021;07235;      Trier-Saarburg, Landkreis;112182;79,3;87868;23119;27757;10189;9930;2563;5685;8625
26.09.2021;073;    Rheinhessen-Pfalz, Stat. Region;1508752;77,6;1159553;261409;336310;159429;136253;40205;119022;106925
26.09.2021;07311;      Frankenthal (Pfalz), kreisfreie Stadt;32565;71,4;22995;5701;6682;2467;2588;670;2922;1965
26.09.2021;07312;      Kaiserslautern, kreisfreie Stadt;69296;70,0;48017;8946;13826;7237;5361;2298;5772;4577
26.09.2021;07313;      Landau in der Pfalz, kreisfreie Stadt;35938;77,8;27757;5295;7283;6148;3199;1477;1888;2467
26.09.2021;07314;      Ludwigshafen am Rhein, kreisfreie Stadt;100197;67,8;67167;12908;20786;8111;7675;2464;8465;6758
26.09.2021;07315;      Mainz, kreisfreie Stadt;148407;80,5;118730;22666;29835;32527;13207;6650;5166;8679
26.09.2021;07316;      Neustadt an der Weinstraße, kreisfreie Stadt;40680;77,7;31349;7421;8147;4995;3744;864;3161;3017
26.09.2021;07317;      Pirmasens, kreisfreie Stadt;30507;65,9;19789;4785;5805;1252;2229;643;3050;2025
26.09.2021;07318;      Speyer, kreisfreie Stadt;35930;75,1;26746;5797;7289;4415;3289;1077;2669;2210
26.09.2021;07319;      Worms, kreisfreie Stadt;57136;70,5;39707;8891;12066;4778;4364;1375;4755;3478
26.09.2021;07320;      Zweibrücken, kreisfreie Stadt;25747;71,9;18307;3723;6027;1740;2029;696;2408;1684
26.09.2021;07331;      Alzey-Worms, Landkreis;98411;79,6;77537;17613;23699;8668;9670;2198;8598;7091
26.09.2021;07332;      Bad Dürkheim, Landkreis;104771;80,6;83656;19908;24094;10436;10870;2149;8461;7738
26.09.2021;07333;      Donnersbergkreis;58416;76,7;44356;9047;14607;4230;4721;1388;5373;4990
26.09.2021;07334;      Germersheim, Landkreis;93969;77,6;72216;17346;19717;7780;9279;2059;9123;6912
26.09.2021;07335;      Kaiserslautern, Landkreis;80624;78,0;62153;14592;18807;5349;6365;2087;8258;6695
26.09.2021;07336;      Kusel, Landkreis;55944;77,7;42979;8363;15692;3163;3789;1612;5550;4810
26.09.2021;07337;      Südliche Weinstraße, Landkreis;87093;80,8;69703;16780;20028;8954;8642;2062;6691;6546
26.09.2021;07338;      Rhein-Pfalz-Kreis;116242;81,4;93667;23313;26018;11653;12078;2307;9896;8402
26.09.2021;07339;      Mainz-Bingen, Landkreis;158619;82,7;130136;31037;37945;21009;16032;4263;9347;10503
26.09.2021;07340;      Südwestpfalz, Landkreis;78260;81,0;62586;17277;17957;4517;7122;1866;7469;6378
26.09.2021;08;  Baden-Württemberg, Land;7711531;77,8;5949660;1477612;1287934;1022226;908039;196874;571336;485639
26.09.2021;081;    Stuttgart, Regierungsbezirk;2799562;78,4;2178442;545364;476889;356843;355271;67576;209394;167105
26.09.2021;08111;      Stuttgart, Landeshauptstadt, Stadtkreis;370769;78,5;289534;59939;61201;72780;46309;14866;16132;18307
26.09.2021;08115;      Böblingen, Landkreis;261193;79,7;206867;54146;42458;34674;37458;5428;17927;14776
26.09.2021;08116;      Esslingen, Landkreis;362474;79,9;287546;73835;62183;50358;48174;8236;23305;21455
26.09.2021;08117;      Göppingen, Landkreis;177107;76,6;134423;35079;31422;16916;21723;3338;15412;10533
26.09.2021;08118;      Ludwigsburg, Landkreis;362801;80,1;288851;72149;64117;50762;46196;8531;25439;21657
26.09.2021;08119;      Rems-Murr-Kreis, Landkreis;295389;78,7;231066;58710;49811;34696;40202;6525;22672;18450
26.09.2021;08121;      Heilbronn, Universitätsstadt, Stadtkreis;75517;71,1;53237;11674;12428;8105;8650;1899;6531;3950
26.09.2021;08125;      Heilbronn, Landkreis;243164;79,1;190637;46809;42230;24256;32092;4730;24511;16009
26.09.2021;08126;      Hohenlohekreis, Landkreis;82391;77,7;63430;15948;13722;7903;10415;1659;8537;5246
26.09.2021;08127;      Schwäbisch Hall, Landkreis;143483;75,7;107800;25999;23550;14831;17435;3321;13250;9414
26.09.2021;08128;      Main-Tauber-Kreis, Landkreis;101140;78,6;78699;23956;17016;9355;9861;2102;8960;7449
26.09.2021;08135;      Heidenheim, Landkreis;92927;74,9;69028;16398;17516;8586;9770;2037;8322;6399
26.09.2021;08136;      Ostalbkreis, Landkreis;231207;77,3;177324;50722;39235;23621;26986;4904;18396;13460
26.09.2021;082;    Karlsruhe, Regierungsbezirk;1952072;77,3;1496130;359601;336346;259871;216555;51788;151555;120414
26.09.2021;08211;      Baden-Baden, Stadtkreis;38068;74,2;28045;7845;6101;4821;4291;847;2273;1867
26.09.2021;08212;      Karlsruhe, Stadtkreis;205608;77,6;158468;27998;33828;44011;20615;8910;10774;12332
26.09.2021;08215;      Karlsruhe, Landkreis;322530;79,4;253959;66094;57066;38725;37449;6838;26678;21109
26.09.2021;08216;      Rastatt, Landkreis;166822;76,2;125755;33650;30341;17105;16959;3433;14060;10207
26.09.2021;08221;      Heidelberg, Stadtkreis;100223;81,4;81228;13780;16719;26703;9892;5380;3865;4889
26.09.2021;08222;      Mannheim, Stadtkreis;196863;72,2;140967;25682;35651;29814;18515;7066;12846;11393
26.09.2021;08225;      Neckar-Odenwald-Kreis, Landkreis;108278;76,2;81795;24910;18562;8393;11082;1982;10248;6618
26.09.2021;08226;      Rhein-Neckar-Kreis, Landkreis;397462;79,1;311708;77477;75245;51785;44478;9334;29310;24079
26.09.2021;08231;      Pforzheim, Stadtkreis;74174;67,4;49482;11493;10170;6141;7579;1620;7852;4627
26.09.2021;08235;      Calw, Landkreis;112513;77,2;86206;24445;16077;10194;14506;2130;11110;7744
26.09.2021;08236;      Enzkreis, Landkreis;142952;79,7;113135;27831;24092;15072;18925;2722;14176;10317
26.09.2021;08237;      Freudenstadt, Landkreis;86579;76,2;65382;18396;12494;7107;12264;1526;8363;5232
26.09.2021;083;    Freiburg, Regierungsbezirk;1624499;76,7;1234971;296261;269563;229909;177144;43674;110790;107630
26.09.2021;08311;      Freiburg im Breisgau, Stadtkreis;157938;80,4;126256;17857;25975;45404;12010;10577;5497;8936
26.09.2021;08315;      Breisgau-Hochschwarzwald, Landkreis;194326;80,2;154516;38165;35652;32198;20403;5141;10232;12725
26.09.2021;08316;      Emmendingen, Landkreis;123797;78,7;96692;22999;23677;18803;12342;3185;7240;8446
26.09.2021;08317;      Ortenaukreis, Landkreis;316089;75,7;236822;61817;51849;34603;34376;6753;23936;23488
26.09.2021;08325;      Rottweil, Landkreis;102476;76,4;77425;20902;14224;8235;14668;1732;10374;7290
26.09.2021;08326;      Schwarzwald-Baar-Kreis, Landkreis;147679;75,2;109780;29026;23058;14582;17913;2756;12212;10233
26.09.2021;08327;      Tuttlingen, Landkreis;95706;74,5;70388;19916;13299;7801;12100;1588;9373;6311
26.09.2021;08335;      Konstanz, Landkreis;206009;76,5;156400;36209;32657;32913;23509;5804;13341;11967
26.09.2021;08336;      Lörrach, Landkreis;161441;74,2;118732;25596;29305;21791;17498;3819;10299;10424
26.09.2021;08337;      Waldshut, Landkreis;119038;74,5;87960;23774;19867;13579;12325;2319;8286;7810
26.09.2021;084;    Tübingen, Regierungsbezirk;1335398;78,5;1040117;276386;205136;175603;159069;33836;99597;90490
26.09.2021;08415;      Reutlingen, Landkreis;199189;77,2;152575;39504;31535;24197;25288;5081;15652;11318
26.09.2021;08416;      Tübingen, Landkreis;162818;82,2;133080;27977;27207;34454;17764;7488;8774;9416
26.09.2021;08417;      Zollernalbkreis, Landkreis;137649;74,7;101700;27369;20356;11172;18318;2737;13226;8522
26.09.2021;08421;      Ulm, Stadtkreis;82816;78,2;64374;12959;14217;15839;8833;2798;4467;5261
26.09.2021;08425;      Alb-Donau-Kreis, Landkreis;140560;80,2;111791;33846;22201;15399;16556;2579;11579;9631
26.09.2021;08426;      Biberach, Landkreis;147677;78,8;115418;35249;20300;15718;16723;2586;12680;12162
26.09.2021;08435;      Bodenseekreis, Landkreis;158573;79,5;125163;33200;24900;22069;19832;3571;10591;11000
26.09.2021;08436;      Ravensburg, Landkreis;209287;78,3;162790;44150;30602;27888;24180;5116;14278;16576
26.09.2021;08437;      Sigmaringen, Landkreis;96829;76,5;73226;22132;13818;8867;11575;1880;8350;6604
26.09.2021;09;  Bayern;9517664;79,9;7571313;2402827;1361242;1067830;798591;210838;679915;1050070
26.09.2021;091;    Oberbayern, Regierungsbezirk;3230976;81,2;2611052;794504;429369;458628;321812;73004;182987;350748
26.09.2021;09161;      Ingolstadt;89860;72,6;64952;19824;12066;8961;7918;2094;6535;7554
26.09.2021;09162;      München, Landeshauptstadt;923132;80,2;738169;175397;139977;192373;100961;30012;33541;65908
26.09.2021;09163;      Rosenheim;40774;75,3;30575;8328;5196;5205;3836;998;2659;4353
26.09.2021;09171;      Altötting, Landkreis;82495;76,1;62439;21473;9629;6224;5975;1415;6509;11214
26.09.2021;09172;      Berchtesgadener Land, Landkreis;74647;76,9;57128;17747;8838;6538;5627;1373;5102;11903
26.09.2021;09173;      Bad Tölz-Wolfratshausen, Landkreis;93174;81,2;75266;25619;10206;10418;8982;1718;6254;12069
26.09.2021;09174;      Dachau, Landkreis;105804;82,5;86807;29930;13308;12491;10358;1711;6637;12372
26.09.2021;09175;      Ebersberg, Landkreis;100235;85,2;84995;27757;13590;14513;10852;1934;5321;11028
26.09.2021;09176;      Eichstätt, Landkreis;98405;83,8;82129;30698;13528;8195;7888;1657;7739;12424
26.09.2021;09177;      Erding, Landkreis;100334;82,7;82608;28235;12103;10107;9376;1714;6907;14166
26.09.2021;09178;      Freising, Landkreis;121098;82,1;98951;30055;15203;16063;11526;2661;7808;15635
26.09.2021;09179;      Fürstenfeldbruck, Landkreis;152723;83,3;126686;40785;22086;21749;15347;3047;7882;15790
26.09.2021;09180;      Garmisch-Partenkirchen, Landkreis;65407;80,9;52573;20516;6658;6527;5617;1064;4077;8114
26.09.2021;09181;      Landsberg am Lech, Landkreis;91011;83,7;75800;23725;11630;13151;8628;2031;5587;11048
26.09.2021;09182;      Miesbach, Landkreis;73488;82,2;60090;20685;8070;7720;8066;1190;4581;9778
26.09.2021;09183;      Mühldorf a.Inn, Landkreis;86161;77,3;66321;22587;8680;6024;7323;1354;7431;12922
26.09.2021;09184;      München, Landkreis;234912;84,9;198610;64669;34189;36817;28696;4449;10489;19301
26.09.2021;09185;      Neuburg-Schrobenhausen, Landkreis;72397;79,9;57604;20528;8458;5413;5766;988;6222;10229
26.09.2021;09186;      Pfaffenhofen a.d.Ilm, Landkreis;93874;81,3;76022;26402;11422;8256;8437;1506;7905;12094
26.09.2021;09187;      Rosenheim, Landkreis;196616;81,7;159986;50798;22210;20757;19213;3609;13911;29488
26.09.2021;09188;      Starnberg, Landkreis;97195;85,5;82823;27410;12701;15809;12606;1849;4169;8279
26.09.2021;09189;      Traunstein, Landkreis;134168;79,3;105931;33674;16352;13447;10120;2570;8925;20843
26.09.2021;09190;      Weilheim-Schongau, Landkreis;103066;82,6;84587;27662;13269;11870;8694;2060;6796;14236
26.09.2021;092;    Niederbayern, Regierungsbezirk;938007;77,4;722951;243181;113742;59707;68271;14535;87693;135822
26.09.2021;09261;      Landshut;48466;75,2;36274;10709;6497;5759;4419;1188;2987;4715
26.09.2021;09262;      Passau;37537;74,6;27866;8232;5215;4874;3071;1016;2271;3187
26.09.2021;09263;      Straubing;33502;67,6;22509;7779;3908;2161;2253;652;2600;3156
26.09.2021;09271;      Deggendorf, Landkreis;91554;75,1;68416;23397;10654;5116;6408;1271;9118;12452
26.09.2021;09272;      Freyung-Grafenau, Landkreis;63581;78,5;49707;16120;7762;2844;3645;865;7497;10974
26.09.2021;09273;      Kelheim, Landkreis;88717;78,9;69681;24181;11600;6055;6551;1322;7891;12081
26.09.2021;09274;      Landshut, Landkreis;119636;81,3;96942;32275;13879;8883;10039;1859;9978;20029
26.09.2021;09275;      Passau, Landkreis;151077;77,6;116707;38620;20134;8327;10436;2242;15048;21900
26.09.2021;09276;      Regen, Landkreis;61701;75,7;46458;15154;7100;2597;3669;834;7364;9740
26.09.2021;09277;      Rottal-Inn, Landkreis;92030;77,7;71136;23999;10077;5346;6669;1340;8120;15585
26.09.2021;09278;      Straubing-Bogen, Landkreis;78569;80,9;63276;23809;8930;4206;5681;982;7438;12230
26.09.2021;09279;      Dingolfing-Landau, Landkreis;71637;75,7;53979;18906;7986;3539;5430;964;7381;9773
26.09.2021;093;    Oberpfalz, Regierungsbezirk;852494;79,7;676034;227498;126780;68634;56091;17117;73707;106207
26.09.2021;09361;      Amberg;32133;70,7;22528;7085;4799;2608;2125;673;2604;2634
26.09.2021;09362;      Regensburg;105974;77,2;81564;20590;14783;19421;8472;4145;5687;8466
26.09.2021;09363;      Weiden i.d.OPf.;31980;71,4;22704;7200;5587;2188;2027;711;2605;2386
26.09.2021;09371;      Amberg-Sulzbach, Landkreis;81848;81,2;66134;22548;13993;5472;5287;1540;7136;10158
26.09.2021;09372;      Cham, Landkreis;102196;78,3;79674;27268;12227;4777;5456;1346;10991;17609
26.09.2021;09373;      Neumarkt i.d.OPf., Landkreis;102090;82,4;83696;30797;12755;8111;7655;1882;8218;14278
26.09.2021;09374;      Neustadt a.d.Waldnaab, Landkreis;75653;81,7;61323;21753;13924;4039;4403;1186;7137;8881
26.09.2021;09375;      Regensburg, Landkreis;147442;82,3;120860;42081;20406;13022;10671;2746;12246;19688
26.09.2021;09376;      Schwandorf, Landkreis;115004;78,8;90222;30678;18356;6053;6824;1955;11927;14429
26.09.2021;09377;      Tirschenreuth, Landkreis;58174;81,8;47329;17498;9950;2943;3171;933;5156;7678
26.09.2021;094;    Oberfranken, Regierungsbezirk;833382;79,7;660824;223271;140804;70598;58990;17074;69090;80997
26.09.2021;09461;      Bamberg;54912;77,7;42504;11057;8018;9727;4215;2244;3302;3941
26.09.2021;09462;      Bayreuth;55829;74,3;41300;11391;8995;7720;4836;1567;3001;3790
26.09.2021;09463;      Coburg;30790;75,1;23008;6062;5817;3667;2449;883;1809;2321
26.09.2021;09464;      Hof;32359;71,3;22918;7283;5368;2269;2219;719;2587;2473
26.09.2021;09471;      Bamberg, Landkreis;116451;83,5;96813;36283;15557;8734;8899;2074;12312;12954
26.09.2021;09472;      Bayreuth, Landkreis;83947;82,1;68638;25396;14607;6009;5687;1312;6662;8965
26.09.2021;09473;      Coburg, Landkreis;69320;80,0;55176;16985;14000;4980;4819;1319;5997;7076
26.09.2021;09474;      Forchheim, Landkreis;91084;83,4;75661;27505;13118;9491;6983;1797;6817;9950
26.09.2021;09475;      Hof, Landkreis;76055;79,8;60400;20859;14495;4387;5021;1290;6927;7421
26.09.2021;09476;      Kronach, Landkreis;54179;80,1;43118;15616;10725;2707;3303;876;4876;5015
26.09.2021;09477;      Kulmbach, Landkreis;58419;79,9;46443;15672;10724;4358;3728;1086;4789;6086
26.09.2021;09478;      Lichtenfels, Landkreis;53297;78,8;41746;15316;8272;3472;3407;872;4811;5596
26.09.2021;09479;      Wunsiedel i.Fichtelgebirge, Landkreis;56740;76,5;43099;13846;11108;3077;3424;1035;5200;5409
26.09.2021;095;    Mittelfranken, Regierungsbezirk;1276081;79,2;1005066;300931;208330;161264;94201;36137;85537;118666
26.09.2021;09561;      Ansbach;30172;73,3;21974;6298;4819;3062;1848;803;2484;2660
26.09.2021;09562;      Erlangen;76775;81,4;62256;14808;12488;16300;6544;3232;3367;5517
26.09.2021;09563;      Fürth;86808;74,5;64324;15502;14884;12144;6335;3349;5572;6538
26.09.2021;09564;      Nürnberg;335780;74,9;250208;66199;54383;48277;23911;12816;19745;24877
26.09.2021;09565;      Schwabach;29819;77,6;22991;6813;5044;3465;2276;704;2043;2646
26.09.2021;09571;      Ansbach, Landkreis;140648;80,5;112738;37824;21340;12928;9660;2796;11402;16788
26.09.2021;09572;      Erlangen-Höchstadt, Landkreis;104796;84,3;87902;28305;16926;14445;9088;2443;6992;9703
26.09.2021;09573;      Fürth, Landkreis;91963;82,1;75196;23781;16121;10908;7432;2067;6673;8214
26.09.2021;09574;      Nürnberger Land, Landkreis;130673;83,0;107893;33460;23065;16322;9613;2992;8691;13750
26.09.2021;09575;      Neustadt a.d.Aisch-Bad Windsheim, Landkreis;77687;80,2;61973;21244;12056;7203;5428;1672;5960;8410
26.09.2021;09576;      Roth, Landkreis;98606;82,4;80837;27520;15721;9875;7361;1958;7352;11050
26.09.2021;09577;      Weißenburg-Gunzenhausen, Landkreis;72354;78,9;56774;19177;11483;6335;4705;1305;5256;8513
26.09.2021;096;    Unterfranken, Regierungsbezirk;1012738;81,2;816946;275297;161104;107041;79830;24528;73975;95171
26.09.2021;09661;      Aschaffenburg;49848;74,8;37016;9857;7919;6448;4380;1382;3441;3589
26.09.2021;09662;      Schweinfurt;36821;68,7;25045;7020;5736;2911;2526;1281;3085;2486
26.09.2021;09663;      Würzburg;97587;79,2;76870;18845;14583;19664;8509;4168;4569;6532
26.09.2021;09671;      Aschaffenburg, Landkreis;132804;82,5;108704;35882;22313;14194;11819;2686;10275;11535
26.09.2021;09672;      Bad Kissingen, Landkreis;83006;80,4;66355;25442;11847;6154;6014;1877;6763;8258
26.09.2021;09673;      Rhön-Grabfeld, Landkreis;63253;81,3;51144;20068;8250;4810;4560;1482;5144;6830
26.09.2021;09674;      Haßberge, Landkreis;67802;82,5;55606;19553;10443;4910;4637;1461;6527;8075
26.09.2021;09675;      Kitzingen, Landkreis;69209;81,1;55850;19668;10947;6427;5268;1518;4930;7092
26.09.2021;09676;      Miltenberg, Landkreis;95316;80,2;75916;25010;15370;8581;7593;1773;7043;10546
26.09.2021;09677;      Main-Spessart, Landkreis;99092;82,4;81151;29087;17401;9225;6558;1912;6875;10093
26.09.2021;09678;      Schweinfurt, Landkreis;90680;83,7;75457;27753;13799;7747;7245;2129;7672;9112
26.09.2021;09679;      Würzburg, Landkreis;127320;85,2;107832;37112;22496;15970;10721;2859;7651;11023
26.09.2021;097;    Schwaben, Regierungsbezirk;1373986;78,9;1078440;338145;181113;141958;119396;28443;106926;162459
26.09.2021;09761;      Augsburg;187164;73,5;136821;33772;26332;27142;15265;6532;12120;15658
26.09.2021;09762;      Kaufbeuren;31503;72,1;22596;6400;4172;3106;2467;805;2497;3149
26.09.2021;09763;      Kempten (Allgäu);48382;73,4;35331;9101;6329;5921;4386;1312;3403;4879
26.09.2021;09764;      Memmingen;29338;73,5;21451;5920;4117;2823;2596;664;2418;2913
26.09.2021;09771;      Aichach-Friedberg, Landkreis;101891;83,6;84749;29480;12508;10406;9237;1503;8298;13317
26.09.2021;09772;      Augsburg, Landkreis;190013;80,9;152861;50131;25930;19268;16511;3362;15064;22595
26.09.2021;09773;      Dillingen a.d.Donau, Landkreis;72853;78,1;56623;19298;9118;5047;6153;1069;7221;8717
26.09.2021;09774;      Günzburg, Landkreis;90510;76,8;69086;21933;11431;6434;7811;1474;8768;11235
26.09.2021;09775;      Neu-Ulm, Landkreis;124109;78,2;96418;29659;17801;12446;11636;2567;10582;11727
26.09.2021;09776;      Lindau (Bodensee), Landkreis;60329;79,7;47810;14123;8865;7945;5507;1558;3408;6404
26.09.2021;09777;      Ostallgäu, Landkreis;107225;82,0;87449;28883;13119;11063;9169;2091;7397;15727
26.09.2021;09778;      Unterallgäu, Landkreis;109809;80,9;88357;28868;12174;8604;9901;1816;10410;16584
26.09.2021;09779;      Donau-Ries, Landkreis;100768;81,1;81288;28784;14501;8226;7697;1517;7801;12762
26.09.2021;09780;      Oberallgäu, Landkreis;120092;81,7;97600;31793;14716;13527;11060;2173;7539;16792
26.09.2021;10;  Saarland;755223;77,3;573668;135134;213777;-;65945;41130;57629;60053
26.09.2021;10041;      Saarbrücken, Regionalverband;238608;74,5;174835;36708;66549;0;20265;15638;16878;18797
26.09.2021;10041100;      Saarbrücken, Landeshauptstadt;123995;72,8;89101;16666;34105;0;10610;9987;7734;9999
26.09.2021;10042;      Merzig-Wadern, Landkreis;78589;78,8;60816;15348;21771;0;7541;3995;5888;6273
26.09.2021;10043;      Neunkirchen, Landkreis;102989;75,3;76088;17141;29982;0;7843;4892;8620;7610
26.09.2021;10044;      Saarlouis, Landkreis;151754;78,2;116396;28302;42530;0;13820;7751;11865;12128
26.09.2021;10045;      Saarpfalz-Kreis;111998;79,7;87833;21067;31724;0;10474;5805;9387;9376
26.09.2021;10046;      St. Wendel, Landkreis;71285;82,6;57700;16568;21221;-0;6002;3049;4991;5869
26.09.2021;11;  Berlin;2468919;75,2;1826581;289691;428289;408533;165937;209052;153694;171385
26.09.2021;11001001;      Berlin-Mitte;207483;73,5;150419;16856;32133;46120;13186;20820;7734;13570
26.09.2021;11002002;      Berlin-Friedrichshain-Kreuzberg;170553;78,6;132667;8627;24819;50544;7985;24606;4621;11465
26.09.2021;11003003;      Berlin-Pankow;285108;78,2;220358;24568;48100;60297;17484;31451;18329;20129
26.09.2021;11004004;      Berlin-Charlottenburg-Wilmersdorf;217663;78,1;167843;31477;40790;43361;21528;11018;8579;11090
26.09.2021;11005005;      Berlin-Spandau;159388;70,4;109469;23988;30429;15073;11146;5282;11575;11976
26.09.2021;11006006;      Berlin-Steglitz-Zehlendorf;217814;81,4;174869;39943;42910;39550;22208;8311;9915;12032
26.09.2021;11007007;      Berlin-Tempelhof-Schöneberg;231500;76,9;175137;31883;43381;44209;16679;13160;10907;14918
26.09.2021;11008008;      Berlin-Neukölln;197037;70,9;137011;22695;33080;31058;9774;16334;10174;13896
26.09.2021;11009009;      Berlin-Treptow-Köpenick;207127;76,6;155930;20559;36564;25141;12641;24884;19128;17013
26.09.2021;11010010;      Berlin-Marzahn-Hellersdorf;197988;69,3;134116;21954;31463;11487;9804;21280;22596;15532
26.09.2021;11011011;      Berlin-Lichtenberg;200673;72,5;142863;16869;33173;22112;10045;26063;17840;16761
26.09.2021;11012012;      Berlin-Reinickendorf;176585;72,8;125899;30272;31447;19581;13457;5843;12296;13003
26.09.2021;12;  Brandenburg;2048844;75,6;1529643;233891;450573;137472;142426;129762;277412;158107
26.09.2021;12051;      Brandenburg an der Havel, kreisfreie Stadt;58011;66,8;38122;5666;12835;3673;2876;3172;6010;3890
26.09.2021;12052;      Cottbus, kreisfreie Stadt;76664;73,3;55523;7278;16259;4091;6119;4896;11270;5610
26.09.2021;12053;      Frankfurt (Oder), kreisfreie Stadt;43524;70,0;30100;4139;9410;2340;2463;3599;5495;2654
26.09.2021;12054;      Potsdam, kreisfreie Stadt;136171;81,2;109759;12916;29177;23448;10412;13165;10080;10561
26.09.2021;12060;      Barnim, Landkreis;153682;76,0;115443;17344;31734;10403;10340;11700;20136;13786
26.09.2021;12061;      Dahme-Spreewald, Landkreis;139473;77,9;107356;17219;30239;9227;10820;8588;19447;11816
26.09.2021;12062;      Elbe-Elster, Landkreis;84748;75,1;62638;10064;17777;2649;5602;4409;15411;6726
26.09.2021;12063;      Havelland, Landkreis;132645;76,4;100184;16977;29852;10338;9875;6897;16359;9886
26.09.2021;12064;      Märkisch-Oderland, Landkreis;160954;75,7;119802;17807;34370;8958;10176;12222;22939;13330
26.09.2021;12065;      Oberhavel, Landkreis;174518;77,0;132959;22252;38476;12784;12974;9327;22559;14587
26.09.2021;12066;      Oberspreewald-Lausitz, Landkreis;90562;73,1;65180;9167;18780;2720;6302;4860;16356;6995
26.09.2021;12067;      Oder-Spree, Landkreis;147863;75,7;110490;15751;32004;7652;9976;9837;22843;12427
26.09.2021;12068;      Ostprignitz-Ruppin, Landkreis;82224;70,4;57228;9291;19690;4061;4184;4710;10435;4857
26.09.2021;12069;      Potsdam-Mittelmark, Landkreis;174776;80,7;139627;23353;41686;17677;15001;10315;18263;13332
26.09.2021;12070;      Prignitz, Landkreis;63058;71,4;44525;7352;15422;2299;3388;3601;8559;3904
26.09.2021;12071;      Spree-Neiße, Landkreis;94603;76,3;71032;10224;19839;2848;7484;4774;19459;6404
26.09.2021;12072;      Teltow-Fläming, Landkreis;136777;75,3;101176;16170;29872;8616;9589;7991;17298;11640
26.09.2021;12073;      Uckermark, Landkreis;98591;70,5;68499;10921;23151;3688;4845;5699;14493;5702
26.09.2021;13;  Mecklenburg-Vorpommern;1314435;71,1;918859;160103;267368;71956;75555;101735;165342;76800
26.09.2021;13001;      Greifswald, Hansestadt,  kreisfreie Stadt;-;-;-;-;-;-;-;-;-;-
26.09.2021;13002;      Neubrandenburg, Stadt,  kreisfreie Stadt;-;-;-;-;-;-;-;-;-;-
26.09.2021;13003;      Rostock, Hanse- und Universitätsstadt, kreisfreie Stadt;167537;72,8;120197;15069;35216;17576;10527;17012;13661;11136
26.09.2021;13004;      Schwerin, Landeshauptstadt, kreisfreie Stadtk;75717;72,2;53886;7807;16841;6005;4801;6648;7359;4425
26.09.2021;13005;      Stralsund, Hansestadt,  kreisfreie Stadt;-;-;-;-;-;-;-;-;-;-
26.09.2021;13006;      Wismar, Hansestadt,  kreisfreie Stadt;-;-;-;-;-;-;-;-;-;-
26.09.2021;13051;       Bad Doberan, Landkreis;-;-;-;-;-;-;-;-;-;-
26.09.2021;13052;      Landkreis Demmin;-;-;-;-;-;-;-;-;-;-
26.09.2021;13053;      Güstrow, Landkreis;-;-;-;-;-;-;-;-;-;-
26.09.2021;13054;      Landkreis Ludwigslust;-;-;-;-;-;-;-;-;-;-
26.09.2021;13055;      Mecklenburg-Strelitz, Landkreis;-;-;-;-;-;-;-;-;-;-
26.09.2021;13056;      Landkreis Müritz;-;-;-;-;-;-;-;-;-;-
26.09.2021;13057;      Nordvorpommern, Landkreis;-;-;-;-;-;-;-;-;-;-
26.09.2021;13058;      Landkreis Nordwestmecklenburg;-;-;-;-;-;-;-;-;-;-
26.09.2021;13059;      Ostvorpommern, Landkreis;-;-;-;-;-;-;-;-;-;-
26.09.2021;13060;      Landkreis Parchim;-;-;-;-;-;-;-;-;-;-
26.09.2021;13061;      Rügen, Landkreis;-;-;-;-;-;-;-;-;-;-
26.09.2021;13062;      Landkreis Uecker-Randow;-;-;-;-;-;-;-;-;-;-
26.09.2021;13071;      Mecklenburgische Seenplatte, Landkreis;214762;69,5;146446;26616;42991;7668;10952;16533;30339;11347
26.09.2021;13072;      Landkreis Rostock;177351;73,2;127748;23477;37825;8535;11547;12746;22990;10628
26.09.2021;13073;      Vorpommern-Rügen, Landkreis;186611;69,0;126197;24329;32345;8295;10044;14527;25649;11008
26.09.2021;13074;      Landkreis Nordwestmecklenburg;128567;70,6;89398;15082;29698;7656;7026;9142;14304;6490
26.09.2021;13075;       Vorpommern-Greifswald, Landkreis;192591;70,2;132420;25380;32739;9745;10646;12548;29104;12258
26.09.2021;13076;      Landkreis Ludwigslust-Parchim;171299;72,7;122567;22343;39713;6476;10012;12579;21936;9508
26.09.2021;14;  Sachsen;3253667;76,5;2462897;422879;474804;212320;271166;230012;607044;244672
26.09.2021;141;    Chemnitz, Regierungsbezirk;-;-;-;-;-;-;-;-;-;-
26.09.2021;14161;      Chemnitz, kreisfreie Stadt;-;-;-;-;-;-;-;-;-;-
26.09.2021;14166;      Plauen, kreisfreie Stadt;-;-;-;-;-;-;-;-;-;-
26.09.2021;14167;      Zwickau, kreisfreie Stadt;-;-;-;-;-;-;-;-;-;-
26.09.2021;14171;      Annaberg, Landkreis;-;-;-;-;-;-;-;-;-;-
26.09.2021;14173;      Chemnitzer Land, Landkreis;-;-;-;-;-;-;-;-;-;-
26.09.2021;14177;      Freiberg, Landkreis;-;-;-;-;-;-;-;-;-;-
26.09.2021;14178;      Vogtlandkreis;-;-;-;-;-;-;-;-;-;-
26.09.2021;14181;      Mittlerer Erzgebirgskreis;-;-;-;-;-;-;-;-;-;-
26.09.2021;14182;      Mittweida, Landkreis;-;-;-;-;-;-;-;-;-;-
26.09.2021;14188;      Stollberg, Landkreis;-;-;-;-;-;-;-;-;-;-
26.09.2021;14191;      Aue-Schwarzenberg, Landkreis;-;-;-;-;-;-;-;-;-;-
26.09.2021;14193;      Zwickauer Land, Landkreis;-;-;-;-;-;-;-;-;-;-
26.09.2021;142;    Dresden, Regierungsbezirk;-;-;-;-;-;-;-;-;-;-
26.09.2021;14262;      Dresden, kreisfreie Stadt;-;-;-;-;-;-;-;-;-;-
26.09.2021;14263;      Görlitz, kreisfreie Stadt;-;-;-;-;-;-;-;-;-;-
26.09.2021;14264;      Hoyerswerda, kreisfreie Stadt;-;-;-;-;-;-;-;-;-;-
26.09.2021;14272;      Bautzen, Landkreis;-;-;-;-;-;-;-;-;-;-
26.09.2021;14280;      Meißen, Landkreis;-;-;-;-;-;-;-;-;-;-
26.09.2021;14284;      Niederschlesischer Oberlausitzkreis;-;-;-;-;-;-;-;-;-;-
26.09.2021;14285;      Riesa-Großenhain, Landkreis;-;-;-;-;-;-;-;-;-;-
26.09.2021;14286;      Löbau-Zittau, Landkreis;-;-;-;-;-;-;-;-;-;-
26.09.2021;14287;      Sächsische Schweiz, Landkreis;-;-;-;-;-;-;-;-;-;-
26.09.2021;14290;      Weißeritzkreis;-;-;-;-;-;-;-;-;-;-
26.09.2021;14292;      Kamenz, Landkreis;-;-;-;-;-;-;-;-;-;-
26.09.2021;143;    Leipzig, Regierungsbezirk;-;-;-;-;-;-;-;-;-;-
26.09.2021;14365;      Leipzig, kreisfreie Stadt;-;-;-;-;-;-;-;-;-;-
26.09.2021;14374;      Delitzsch, Landkreis;-;-;-;-;-;-;-;-;-;-
26.09.2021;14375;      Döbeln, Landkreis;-;-;-;-;-;-;-;-;-;-
26.09.2021;14379;      Leipziger Land, Landkreis;-;-;-;-;-;-;-;-;-;-
26.09.2021;14383;      Muldentalkreis;-;-;-;-;-;-;-;-;-;-
26.09.2021;14389;      Torgau-Oschatz, Landkreis;-;-;-;-;-;-;-;-;-;-
26.09.2021;145;    Chemnitz, Stat. Region;1153475;75,6;862877;156124;177136;44231;93144;75626;230598;86018
26.09.2021;14511;      Chemnitz, Stadt;188691;74,6;139579;20713;32616;12680;15781;15008;30089;12692
26.09.2021;14521;      Erzgebirgskreis;276050;76,9;209673;40349;38544;7251;21632;16163;63225;22509
26.09.2021;14522;      Mittelsachsen, Landkreis;246570;76,7;186890;33466;35281;8623;21413;14944;54994;18169
26.09.2021;14523;      Vogtlandkreis;184973;74,5;136143;26782;30436;6263;13708;12058;34112;12784
26.09.2021;14524;      Zwickau, Landkreis;257191;74,9;190592;34814;40259;9414;20610;17453;48178;19864
26.09.2021;146;    Dresden, Stat. Region;1270782;77,6;975560;162530;166450;89134;112125;85800;259818;99703
26.09.2021;14612;      Dresden, Stadt;424707;80,1;337805;48826;59743;56760;40638;37607;59501;34730
26.09.2021;14625;      Bautzen, Landkreis;245263;77,3;187014;34134;31676;8121;21422;14488;58674;18499
26.09.2021;14626;      Görlitz, Landkreis;204105;75,0;150993;27630;25441;7358;15039;11327;49123;15075
26.09.2021;14627;      Meißen, Landkreis;197004;75,8;147594;25912;26045;8872;17212;10725;43940;14888
26.09.2021;14628;      Sächsische Schweiz-Osterzgebirge, Landkreis;199703;77,2;152154;26028;23545;8023;17814;11653;48580;16511
26.09.2021;147;    Leipzig, Stat. Region;829410;76,0;624460;104225;131218;78955;65897;68586;116628;58951
26.09.2021;14713;      Leipzig, Stadt;455278;76,6;346256;48514;72382;64112;35099;47356;46104;32689
26.09.2021;14729;      Leipzig, Landkreis;212853;76,2;160447;32711;34104;9381;18322;12362;38458;15109
26.09.2021;14730;      Nordsachsen, Landkreis;161279;73,9;117757;23000;24732;5462;12476;8868;32066;11153
26.09.2021;15;  Sachsen-Anhalt;1789775;67,9;1201940;252286;305085;78701;114024;115330;235492;101022
26.09.2021;15001;      Dessau-Roßlau, kreisfreie Stadt;65105;66,9;43103;8881;12121;3164;4288;3909;7553;3187
26.09.2021;15002;      Halle (Saale), kreisfreie Stadt;181880;70,2;126521;21392;30249;18783;12686;15569;17460;10382
26.09.2021;15003;      Magdeburg, kreisfreie Stadt;183584;69,6;126791;22260;33184;15071;12143;13938;17736;12459
26.09.2021;15081;      Altmarkkreis Salzwedel;68231;69,1;46639;9937;12858;2600;4027;4741;8273;4203
26.09.2021;15082;      Anhalt-Bitterfeld, Landkreis;131926;65,9;85841;18634;20914;3579;7797;8634;18936;7347
26.09.2021;15083;      Börde, Landkreis;140658;69,4;96606;21371;25348;4625;9109;8000;20008;8145
26.09.2021;15084;      Burgenlandkreis;145246;67,6;97226;20645;22308;3862;9877;8412;24287;7835
26.09.2021;15085;      Harz, Landkreis;179183;67,1;118983;26556;32474;6746;10905;10937;21209;10156
26.09.2021;15086;      Jerichower Land, Landkreis;74874;68,0;50357;11349;13695;2642;4480;4426;9596;4169
26.09.2021;15087;      Mansfeld-Südharz, Landkreis;113167;64,9;72629;15591;18732;2211;6655;6610;17407;5423
26.09.2021;15088;      Saalekreis;152500;71,0;107008;23600;23966;4896;11509;8899;25236;8902
26.09.2021;15089;      Salzlandkreis;157010;63,4;98265;21581;24835;3921;9065;9889;21358;7616
26.09.2021;15090;      Stendal, Landkreis;91767;67,3;61105;12630;16679;3234;5369;5640;12356;5197
26.09.2021;15091;      Wittenberg, Landkreis;104644;68,5;70866;17859;17722;3367;6114;5726;14077;6001
26.09.2021;151;    Dessau, Stat. Region;-;-;-;-;-;-;-;-;-;-
26.09.2021;15101;      Dessau, kreisfreie Stadt;-;-;-;-;-;-;-;-;-;-
26.09.2021;15151;      Anhalt-Zerbst, Kreis;-;-;-;-;-;-;-;-;-;-
26.09.2021;15153;      Bernburg, Kreis;-;-;-;-;-;-;-;-;-;-
26.09.2021;15154;      Bitterfeld, Kreis;-;-;-;-;-;-;-;-;-;-
26.09.2021;15159;      Köthen, Kreis;-;-;-;-;-;-;-;-;-;-
26.09.2021;15171;      Wittenberg, Kreis;-;-;-;-;-;-;-;-;-;-
26.09.2021;152;    Halle, Stat. Region;-;-;-;-;-;-;-;-;-;-
26.09.2021;15202;      Halle (Saale), kreisfreie Stadt;-;-;-;-;-;-;-;-;-;-
26.09.2021;15256;      Burgenlandkreis;-;-;-;-;-;-;-;-;-;-
26.09.2021;15260;      Mansfelder Land, Kreis;-;-;-;-;-;-;-;-;-;-
26.09.2021;15261;      Merseburg-Querfurt, Kreis;-;-;-;-;-;-;-;-;-;-
26.09.2021;15265;      Saalkreis;-;-;-;-;-;-;-;-;-;-
26.09.2021;15266;      Sangerhausen, Kreis;-;-;-;-;-;-;-;-;-;-
26.09.2021;15268;      Weißenfels, Kreis;-;-;-;-;-;-;-;-;-;-
26.09.2021;153;    Magdeburg, Stat. Region;-;-;-;-;-;-;-;-;-;-
26.09.2021;15303;      Magdeburg, kreisfreie Stadt;-;-;-;-;-;-;-;-;-;-
26.09.2021;15352;      Aschersleben-Staßfurt, Kreis;-;-;-;-;-;-;-;-;-;-
26.09.2021;15355;      Bördekreis;-;-;-;-;-;-;-;-;-;-
26.09.2021;15357;      Halberstadt, Kreis;-;-;-;-;-;-;-;-;-;-
26.09.2021;15358;      Jerichower Land, Kreis;-;-;-;-;-;-;-;-;-;-
26.09.2021;15362;      Ohrekreis;-;-;-;-;-;-;-;-;-;-
26.09.2021;15363;      Stendal, Kreis;-;-;-;-;-;-;-;-;-;-
26.09.2021;15364;      Quedlinburg, Kreis;-;-;-;-;-;-;-;-;-;-
26.09.2021;15367;      Schönebeck, Kreis;-;-;-;-;-;-;-;-;-;-
26.09.2021;15369;      Wernigerode, Kreis;-;-;-;-;-;-;-;-;-;-
26.09.2021;15370;      Altmarkkreis Salzwedel, Kreis;-;-;-;-;-;-;-;-;-;-
26.09.2021;16;  Thüringen;1707726;74,9;1264911;213414;296446;83220;114283;144693;303233;109622
26.09.2021;16051;      Erfurt, kreisfreie Stadt;162932;76,2;122895;17405;29694;15399;11810;17091;20288;11208
26.09.2021;16052;      Gera, kreisfreie Stadt;74455;70,7;52053;7324;11703;2754;4782;7089;14175;4226
26.09.2021;16053;      Jena, kreisfreie Stadt;81259;80,4;64909;7734;15195;12478;6125;10131;7603;5643
26.09.2021;16054;      Suhl, kreisfreie Stadt;29824;73,8;21796;3347;5871;1085;1765;3224;4909;1595
26.09.2021;16055;      Weimar, kreisfreie Stadt;49742;76,7;37779;5394;8737;6220;3237;5545;5413;3233
26.09.2021;16056;      Eisenach, kreisfreie Stadt;-;-;-;-;-;-;-;-;-;-
26.09.2021;16061;      Eichsfeld, Kreis;80201;78,0;61954;18347;12980;3342;6180;4339;12195;4571
26.09.2021;16062;      Nordhausen, Kreis;67494;70,8;47264;7955;13510;2428;3966;5562;10393;3450
26.09.2021;16063;      Wartburgkreis;129279;73,7;94218;16895;23838;4742;7764;9478;22897;8604
26.09.2021;16064;      Unstrut-Hainich-Kreis;82988;73,3;60003;11354;14525;2727;5494;6394;14840;4669
26.09.2021;16065;      Kyffhäuserkreis;61508;71,7;43460;7360;10792;1406;3549;5265;11708;3380
26.09.2021;16066;      Schmalkalden-Meiningen, Kreis;102113;74,7;75359;12775;19681;3457;6471;7773;19207;5995
26.09.2021;16067;      Gotha, Kreis;106194;73,9;77408;12304;19233;3942;6792;8248;19951;6938
26.09.2021;16068;      Sömmerda, Kreis;56578;74,9;41784;7416;9124;1714;3656;4643;11290;3941
26.09.2021;16069;      Hildburghausen, Kreis;51213;75,7;38328;6247;8758;1318;3088;3679;11042;4196
26.09.2021;16070;      Ilm-Kreis;84325;75,9;63240;9516;14204;4158;5334;7206;16571;6251
26.09.2021;16071;      Weimarer Land, Kreis;66130;76,9;50206;9500;10823;2729;4746;5150;12472;4786
26.09.2021;16072;      Sonneberg, Kreis;46921;72,6;33642;5554;8136;1361;2666;3810;9414;2701
26.09.2021;16073;      Saalfeld-Rudolstadt, Kreis;86125;73,5;62561;9810;13509;2664;5705;6786;18445;5642
26.09.2021;16074;      Saale-Holzland-Kreis;67700;78,4;52510;9418;11296;2874;5043;6123;12865;4891
26.09.2021;16075;      Saale-Orla-Kreis;65612;76,4;49552;7780;10214;1845;4680;5580;15071;4382
26.09.2021;16076;      Greiz, Kreis;81104;76,4;61146;10894;13046;2513;6167;6383;16908;5235
26.09.2021;16077;      Altenburger Land, Kreis;74029;72,4;52844;9085;11577;2064;5263;5194;15576;4085